Workbook
Name fg_yield_ref: REF_U238!$B$2:$B$71
Name target_total_fg_th230: REF_U238!$B$95
Name target_total_fg_th232: REF_U238!$B$96
Name target_total_fg_u232: REF_U238!$B$91
Name target_total_fg_u234: REF_U238!$B$92
Name target_total_fg_u235: REF_U238!$B$93
Name target_total_fg_u236: REF_U238!$B$94
Name Y_fg_U238: REF_U238!$B$77
Name Y_sfn_Th230: REF_U238!$B$87
Name Y_sfn_Th232: REF_U238!$B$88
Name Y_sfn_U232: REF_U238!$B$83
Name Y_sfn_U234: REF_U238!$B$84
Name Y_sfn_U235: REF_U238!$B$85
Name Y_sfn_U236: REF_U238!$B$86
Name Y_sfn_U238: REF_U238!$B$78

Sheet REF_U238
A1: Category | B1: Yield | C1: Energy | D1: Category
A2: 1 | B2: 4.1011e-08 | C2: 0.0148 | D2: PG
A3: 1 | B3: 7.63961e-08 | C3: 0.03 | D3: DG
A4: 1 | B4: 1.06966e-07 | C4: 0.0314 | D4: PG
A5: 1 | B5: 3.10073e-09 | C5: 0.0453 | D5: PG
A6: 1 | B6: 7.63961e-08 | C6: 0.05 | D6: DG
A7: 1 | B7: 4.41724e-09 | C7: 0.0553 | D7: PG
A8: 1 | B8: 7.63961e-08 | C8: 0.07 | D8: DG
A9: 1 | B9: 9.00769e-09 | C9: 0.0753 | D9: PG
A10: 1 | B10: 1.27753e-08 | C10: 0.0853 | D10: PG
A11: 1 | B11: 7.63961e-08 | C11: 0.09 | D11: DG
A12: 1 | B12: 1.82319e-08 | C12: 0.0953 | D12: PG
A13: 1 | B13: 7.63961e-08 | C13: 0.11 | D13: DG
... A71: 1 | B71: 6.49593e-11 | C71: 9.91 | D71: PG
A77: Y_fg_U238 | B77: =SUM(B2:B71) -> 8.960931e-06
A78: Y_sfn_U238 | B78: 1.13022e-06
A80: ratio_fg_to_sfn | B80: =B77/B78 -> 7.9284838
A83: Y_sfn_U232 | B83: =0.00000000000189 -> 1.89e-12
A84: Y_sfn_U234 | B84: 3.57e-11
A85: Y_sfn_U235 | B85: 1.44e-10
A86: Y_sfn_U236 | B86: 1.8e-09
A87: Y_sfn_Th230 | B87: =0.00000000000025*2 -> 5e-13
A88: Y_sfn_Th232 | B88: =0.000000000014*2 -> 2.8e-11
A91: target_total_fg_u232 | B91: =8*B83 -> 1.512e-11
A92: target_total_fg_u234 | B92: =8*B84 -> 2.856e-10
A93: target_total_fg_u235 | B93: =8*B85 -> 1.152e-09
A94: target_total_fg_u236 | B94: =8*B86 -> 1.44e-08
A95: target_total_fg_th230 | B95: =8*B87 -> 4e-12
A96: target_total_fg_th232 | B96: =8*B88 -> 2.24e-10

Sheet U232
A1: U232 | B1: Category | C1: =REF_U238!B1 -> Yield | D1: =REF_U238!C1 -> Energy | E1: Category
B2: 1 | C2: {=(target_total_fg_u232/Y_fg_U238)*fg_yield_ref} -> 6.9198872e-14 | D2: 0.0148 | E2: PG
B3: 1 | C3: 1.2890502e-13 | D3: 0.03 | E3: DG
B4: 1 | C4: 1.8048637e-13 | D4: 0.0314 | E4: PG
B5: 1 | C5: 5.2319382e-15 | D5: 0.0453 | E5: PG
B6: 1 | C6: 1.2890502e-13 | D6: 0.05 | E6: DG
B7: 1 | C7: 7.453318e-15 | D7: 0.0553 | E7: PG
B8: 1 | C8: 1.2890502e-13 | D8: 0.07 | E8: DG
B9: 1 | C9: 1.5198898e-14 | D9: 0.0753 | E9: PG
B10: 1 | C10: 2.1556079e-14 | D10: 0.0853 | E10: PG
B11: 1 | C11: 1.2890502e-13 | D11: 0.09 | E11: DG
B12: 1 | C12: 3.0763135e-14 | D12: 0.0953 | E12: PG
B13: 1 | C13: 1.2890502e-13 | D13: 0.11 | E13: DG
B14: 1 | C14: 1.023003e-13 | D14: 0.11 | E14: PG
... B71: 1 | C71: 1.0960743e-16 | D71: 9.91 | E71: PG
E107: =206+70 -> 276

Sheet U234
A1: U232 | B1: Category | C1: =REF_U238!B1 -> Yield | D1: =REF_U238!C1 -> Energy | E1: Category
B2: 1 | C2: {=(target_total_fg_u234/Y_fg_U238)*fg_yield_ref} -> 1.3070898e-12 | D2: 0.0148 | E2: PG
B3: 1 | C3: 2.4348727e-12 | D3: 0.03 | E3: DG
B4: 1 | C4: 3.409187e-12 | D4: 0.0314 | E4: PG
B5: 1 | C5: 9.88255e-14 | D5: 0.0453 | E5: PG
B6: 1 | C6: 2.4348727e-12 | D6: 0.05 | E6: DG
B7: 1 | C7: 1.407849e-13 | D7: 0.0553 | E7: PG
B8: 1 | C8: 2.4348727e-12 | D8: 0.07 | E8: DG
B9: 1 | C9: 2.8709029e-13 | D9: 0.0753 | E9: PG
B10: 1 | C10: 4.0717038e-13 | D10: 0.0853 | E10: PG
B11: 1 | C11: 2.4348727e-12 | D11: 0.09 | E11: DG
B12: 1 | C12: 5.8108143e-13 | D12: 0.0953 | E12: PG
B13: 1 | C13: 2.4348727e-12 | D13: 0.11 | E13: DG
B14: 1 | C14: 1.932339e-12 | D14: 0.11 | E14: PG
... B55: 1 | C55: 2.6638676e-12 | D55: 2.73 | E55: PG
B56: 1 | C56: 3.5416457e-12 | D56: 2.8 | E56: DG | J56: =158+70 -> 228
B57: 1 | C57: 1.5458725e-12 | D57: 3.23 | E57: PG
B58: 1 | C58: 2.6562247e-12 | D58: 3.25 | E58: DG
B59: 1 | C59: 8.9715615e-13 | D59: 3.73 | E59: PG
B60: 1 | C60: 1.903629e-12 | D60: 3.75 | E60: DG
B61: 1 | C61: 5.2034993e-13 | D61: 4.23 | E61: PG
B62: 1 | C62: 9.2967802e-13 | D62: 4.25 | E62: DG
B63: 1 | C63: 3.0089296e-13 | D63: 4.73 | E63: PG
B64: 1 | C64: 4.4270412e-13 | D64: 4.75 | E64: DG
B65: 1 | C65: 1.7529078e-13 | D65: 5.23 | E65: PG
B66: 1 | C66: 2.1028462e-13 | D66: 5.25 | E66: DG
B67: 1 | C67: 1.6010806e-13 | D67: 5.91 | E67: PG
B68: 1 | C68: 5.3829369e-14 | D68: 6.91 | E68: PG
... B71: 1 | C71: 2.0703626e-15 | D71: 9.91 | E71: PG

Sheet U235
A1: U232 | B1: Category | C1: =REF_U238!B1 -> Yield | D1: =REF_U238!C1 -> Energy | E1: Category
B2: 1 | C2: {=(target_total_fg_u235/Y_fg_U238)*fg_yield_ref} -> 5.272295e-12 | D2: 0.0148 | E2: PG
B3: 1 | C3: 9.8213352e-12 | D3: 0.03 | E3: DG
B4: 1 | C4: 1.3751343e-11 | D4: 0.0314 | E4: PG
B5: 1 | C5: 3.9862387e-13 | D5: 0.0453 | E5: PG
B6: 1 | C6: 9.8213352e-12 | D6: 0.05 | E6: DG
B7: 1 | C7: 5.6787185e-13 | D7: 0.0553 | E7: PG
B8: 1 | C8: 9.8213352e-12 | D8: 0.07 | E8: DG
B9: 1 | C9: 1.1580112e-12 | D9: 0.0753 | E9: PG
B10: 1 | C10: 1.6423679e-12 | D10: 0.0853 | E10: PG
B11: 1 | C11: 9.8213352e-12 | D11: 0.09 | E11: DG
B12: 1 | C12: 2.3438579e-12 | D12: 0.0953 | E12: PG
B13: 1 | C13: 9.8213352e-12 | D13: 0.11 | E13: DG
B14: 1 | C14: 7.7943087e-12 | D14: 0.11 | E14: PG
B15: 1 | C15: 9.8213352e-12 | D15: 0.13 | E15: DG | J15: =480+70 -> 550
B16: 1 | C16: 7.7943087e-12 | D16: 0.13 | E16: PG
B17: 1 | C17: 9.8213352e-12 | D17: 0.15 | E17: DG
B18: 1 | C18: 7.7943087e-12 | D18: 0.15 | E18: PG
B19: 1 | C19: 9.8213352e-12 | D19: 0.17 | E19: DG
B20: 1 | C20: 7.7943087e-12 | D20: 0.17 | E20: PG
B21: 1 | C21: 9.8213352e-12 | D21: 0.19 | E21: DG
B22: 1 | C22: 7.7943087e-12 | D22: 0.19 | E22: PG
B23: 1 | C23: 2.4106952e-11 | D23: 0.225 | E23: DG
B24: 1 | C24: 1.954147e-11 | D24: 0.225 | E24: PG
B25: 1 | C25: 2.4106952e-11 | D25: 0.275 | E25: DG
B26: 1 | C26: 1.954147e-11 | D26: 0.275 | E26: PG
B27: 1 | C27: 2.4106952e-11 | D27: 0.325 | E27: DG
... B71: 1 | C71: 8.3510423e-15 | D71: 9.91 | E71: PG

Sheet U236
A1: U232 | B1: =REF_U238!A1 -> Category | C1: =REF_U238!B1 -> Yield | D1: =REF_U238!C1 -> Energy | E1: =REF_U238!D1 -> Category
B2: 1 | C2: {=(target_total_fg_u236/Y_fg_U238)*fg_yield_ref} -> 6.5903688e-11 | D2: 0.0148 | E2: PG
B3: 1 | C3: 1.2276669e-10 | D3: 0.03 | E3: DG
B4: 1 | C4: 1.7189178e-10 | D4: 0.0314 | E4: PG
B5: 1 | C5: 4.9827983e-12 | D5: 0.0453 | E5: PG
B6: 1 | C6: 1.2276669e-10 | D6: 0.05 | E6: DG
B7: 1 | C7: 7.0983981e-12 | D7: 0.0553 | E7: PG
B8: 1 | C8: 1.2276669e-10 | D8: 0.07 | E8: DG
B9: 1 | C9: 1.4475141e-11 | D9: 0.0753 | E9: PG
B10: 1 | C10: 2.0529599e-11 | D10: 0.0853 | E10: PG
B11: 1 | C11: 1.2276669e-10 | D11: 0.09 | E11: DG
B12: 1 | C12: 2.9298224e-11 | D12: 0.0953 | E12: PG
B13: 1 | C13: 1.2276669e-10 | D13: 0.11 | E13: DG
B14: 1 | C14: 9.7428859e-11 | D14: 0.11 | E14: PG
... B71: 1 | C71: 1.0438803e-13 | D71: 9.91 | E71: PG

Sheet Th230
A1: U232 | B1: =REF_U238!A1 -> Category | C1: =REF_U238!B1 -> Yield | D1: =REF_U238!C1 -> Energy | E1: =REF_U238!D1 -> Category
B2: 1 | C2: {=(target_total_fg_th230/Y_fg_U238)*fg_yield_ref} -> 1.830658e-14 | D2: 0.0148 | E2: PG
B3: 1 | C3: 3.4101858e-14 | D3: 0.03 | E3: DG
B4: 1 | C4: 4.7747717e-14 | D4: 0.0314 | E4: PG
B5: 1 | C5: 1.3841106e-15 | D5: 0.0453 | E5: PG
B6: 1 | C6: 3.4101858e-14 | D6: 0.05 | E6: DG
B7: 1 | C7: 1.9717773e-15 | D7: 0.0553 | E7: PG
B8: 1 | C8: 3.4101858e-14 | D8: 0.07 | E8: DG
B9: 1 | C9: 4.0208724e-15 | D9: 0.0753 | E9: PG
B10: 1 | C10: 5.7026664e-15 | D10: 0.0853 | E10: PG
B11: 1 | C11: 3.4101858e-14 | D11: 0.09 | E11: DG | I11: =187+71 -> 258
B12: 1 | C12: 8.1383954e-15 | D12: 0.0953 | E12: PG
B13: 1 | C13: 3.4101858e-14 | D13: 0.11 | E13: DG
B14: 1 | C14: 2.7063572e-14 | D14: 0.11 | E14: PG
B15: 1 | C15: 3.4101858e-14 | D15: 0.13 | E15: DG
B16: 1 | C16: 2.7063572e-14 | D16: 0.13 | E16: PG
B17: 1 | C17: 3.4101858e-14 | D17: 0.15 | E17: DG
B18: 1 | C18: 2.7063572e-14 | D18: 0.15 | E18: PG
B19: 1 | C19: 3.4101858e-14 | D19: 0.17 | E19: DG
B20: 1 | C20: 2.7063572e-14 | D20: 0.17 | E20: PG
B21: 1 | C21: 3.4101858e-14 | D21: 0.19 | E21: DG
B22: 1 | C22: 2.7063572e-14 | D22: 0.19 | E22: PG
B23: 1 | C23: 8.3704695e-14 | D23: 0.225 | E23: DG
... B71: 1 | C71: 2.8996675e-17 | D71: 9.91 | E71: PG

Sheet Th232
A1: U232 | B1: =REF_U238!A1 -> Category | C1: =REF_U238!B1 -> Yield | D1: =REF_U238!C1 -> Energy | E1: =REF_U238!D1 -> Category
B2: 1 | C2: {=(target_total_fg_th232/Y_fg_U238)*fg_yield_ref} -> 1.0251685e-12 | D2: 0.0148 | E2: PG
B3: 1 | C3: 1.9097041e-12 | D3: 0.03 | E3: DG
B4: 1 | C4: 2.6738722e-12 | D4: 0.0314 | E4: PG
B5: 1 | C5: 7.7510196e-14 | D5: 0.0453 | E5: PG
B6: 1 | C6: 1.9097041e-12 | D6: 0.05 | E6: DG
B7: 1 | C7: 1.1041953e-13 | D7: 0.0553 | E7: PG
B8: 1 | C8: 1.9097041e-12 | D8: 0.07 | E8: DG
B9: 1 | C9: 2.2516885e-13 | D9: 0.0753 | E9: PG
B10: 1 | C10: 3.1934932e-13 | D10: 0.0853 | E10: PG
B11: 1 | C11: 1.9097041e-12 | D11: 0.09 | E11: DG
B12: 1 | C12: 4.5575014e-13 | D12: 0.0953 | E12: PG
B13: 1 | C13: 1.9097041e-12 | D13: 0.11 | E13: DG
B14: 1 | C14: 1.51556e-12 | D14: 0.11 | E14: PG
... B71: 1 | C71: 1.6238138e-15 | D71: 9.91 | E71: PG
